﻿<?xml version="1.0" encoding="UTF-8" standalone="yes"?>
<addon id="plugin.video.stalker" name="IPTV Stalker Papiao" version="10.0.0c" provider-name="dara">
    <requires>
		<import addon="xbmc.python" version="2.14.0"/>
	</requires>
	<extension point="xbmc.python.pluginsource" library="addon.py">
		<provides>video</provides>
	</extension>
	<extension point="xbmc.service" library="server.py" start="startup" />
	<extension point="xbmc.addon.metadata">
		<platform>all</platform>
		<summary lang="en">IPTV Stalker Papiao</summary>
		<description lang="en">IPTV Stalker for Papiao servers, based on original code by esxbr </description>
		<license>GNU General Public License, v2</license>
		<language></language>
		<forum>http://iptvtalk.org/</forum>


	</extension>
</addon>
