<?xml version="1.0" encoding="UTF-8" standalone="yes"?>
<addon id="plugin.video.prolive"
       name="Pro Live"
       version="0.0.2"
       provider-name="anybody">
  <requires>
    <import addon="xbmc.python" version="2.1.0"/>
  </requires>
  <extension point="xbmc.python.pluginsource"
            library="default.py">
        <provides>video</provides>
  </extension>
  <extension point="xbmc.addon.metadata">
    <summary lang="en">Pro Live Streams</summary>
    <language>en</language>
    <description lang="en">Pro Live Addon</description>
     <platform>all</platform>
  </extension>
</addon>
