﻿<?xml version="1.0" encoding="UTF-8" standalone="yes"?>
<addon id="plugin.video.stalker" name="IPTV Stalker" version="9.0.19" provider-name="esxbr">
    <requires>
		<import addon="xbmc.python" version="2.14.0"/>
	</requires>
	<extension point="xbmc.python.pluginsource" library="addon.py">
		<provides>video</provides>
	</extension>
	<extension point="xbmc.service" library="server.py" start="startup" />
	<extension point="xbmc.addon.metadata">
		<platform>all</platform>
		<summary lang="en">IPTV Stalker-mod</summary>
		<description lang="en">IPTV Stalker modified for NFPS, Rocket and IPTV66, AND iVue</description>
		<license>GNU General Public License, v2</license>
		<language></language>
		<forum>http://iptvtalk.org/showthread.php?7379-Modified-IPTV-Stalker-(9-0-18)-iVue-compatible</forum>


	</extension>
</addon>
