<?xml version="1.0" encoding="UTF-8" standalone="yes"?>
<addon id="plugin.video.prowiz" name="ProStreams ToolKit" version="0.0.1" provider-name="any">
  <requires>
    <import addon="xbmc.python" version="2.1.0"/>
	<import addon="script.module.addon.common" />
  </requires>
  <extension point="xbmc.python.pluginsource" library="default.py">
        <provides>video executable</provides>
  </extension>
  <extension point="xbmc.addon.metadata">
    <summary lang="en">ProStreams ToolKit</summary>
    <description lang="en">Here to make life easier.</description>
    <platform>all</platform>
  </extension>
</addon>
